EKYT,"EKYT,"
EKAH,"EKAH,"
EGPD,"EGPD,"
GCRR,"GCRR,"
GMAD,"GMAD,"
LEMG,"LEMG,"
LIEA,"LIEA,"
LEAL,"LEAL,"
OJAI,"OJAI,"
EHAM,"EHAM,"
LIPY,"LIPY,"
OJAQ,"OJAQ,"
ESSA,"ESSA,"
LGAV,"LGAV,"
LEBL,"LEBL,"
LIBR,"LIBR,"
EDDB,"EDDB,"
LFRB,"LFRB,"
KBFI,"KBFI,"
LIME,"LIME,"
EGBB,"EGBB,"
LFBZ,"LFBZ,"
KBIS,"KBIS,"
EKBI,"EKBI,"
LIPE,"LIPE,"
LQBK,"LQBK,"
LFBD,"LFBD,"
EGHH,"EGHH,"
EDDW,"EDDW,"
LIBD,"LIBD,"
LKTB,"LKTB,"
EGGD,"EGGD,"
EBBR,"EBBR,"
LFSB,"LFSB,"
LZIB,"LZIB,"
KBTV,"KBTV,"
LHBP,"LHBP,"
LFOB,"LFOB,"
LFSL,"LFSL,"
EPBY,"EPBY,"
LFMU,"LFMU,"
LIEE,"LIEE,"
LFMK,"LFMK,"
LECH,"LECH,"
LFLC,"LFLC,"
EDDK,"EDDK,"
LGSA,"LGSA,"
LIRA,"LIRA,"
LICB,"LICB,"
LRCL,"LRCL,"
EKCH,"EKCH,"
EBCI,"EBCI,"
LIBC,"LIBC,"
LICC,"LICC,"
LIMZ,"LIMZ,"
KCWA,"KCWA,"
EGFF,"EGFF,"
LFGJ,"LFGJ,"
EDLW,"EDLW,"
EIDW,"EIDW,"
KDVL,"KDVL,"
EGPH,"EGPH,"
LFBE,"LFBE,"
EHEH,"EHEH,"
EGNX,"EGNX,"
KERI,"KERI,"
GMMI,"GMMI,"
EGTE,"EGTE,"
LPFR,"LPFR,"
KFAR,"KFAR,"
LIRF,"LIRF,"
GMFF,"GMFF,"
EDSB,"EDSB,"
EDJA,"EDJA,"
LFTW,"LFTW,"
EDDF,"EDDF,"
GCFV,"GCFV,"
EPGD,"EPGD,"
EGPF,"EGPF,"
LIMJ,"LIMJ,"
ESGG,"ESGG,"
LEGE,"LEGE,"
EDDH,"EDDH,"
EFHK,"EFHK,"
EDFH,"EDFH,"
UKHH,"UKHH,"
LEIB,"LEIB,"
LYNI,"LYNI,"
UKBB,"UKBB,"
EIKY,"EIKY,"
EPKK,"EPKK,"
LZKZ,"LZKZ,"
EPKT,"EPKT,"
EYKA,"EYKA,"
EGNM,"EGNM,"
EPLL,"EPLL,"
LFBT,"LFBT,"
EGKK,"EGKK,"
LFBL,"LFBL,"
LFQQ,"LFQQ,"
LPPT,"LPPT,"
GCLP,"GCLP,"
EGGP,"EGGP,"
EFLP,"EFLP,"
LFBH,"LFBH,"
EGGW,"EGGW,"
ELLX,"ELLX,"
EPLB,"EPLB,"
UKLL,"UKLL,"
LFLL,"LFLL,"
LEMD,"LEMD,"
LEMH,"LEMH,"
EGCC,"EGCC,"
KMHT,"KMHT,"
KMKE,"KMKE,"
LMML,"LMML,"
EGNV,"EGNV,"
ESMS,"ESMS,"
KMOT,"KMOT,"
LFML,"LFML,"
EHBK,"EHBK,"
LIMC,"LIMC,"
LIRN,"LIRN,"
LFMN,"LFMN,"
EGNT,"EGNT,"
GMMW,"GMMW,"
EIKN,"EIKN,"
EGHQ,"EGHQ,"
EDLV,"EDLV,"
LFRS,"LFRS,"
EDDN,"EDDN,"
UKOO,"UKOO,"
LROD,"LROD,"
LPPR,"LPPR,"
EICK,"EICK,"
ENGM,"ENGM,"
LKMT,"LKMT,"
LROP,"LROP,"
GMFO,"GMFO,"
GMMZ,"GMMZ,"
LPPD,"LPPD,"
LBPD,"LBPD,"
LIRZ,"LIRZ,"
LCPH,"LCPH,"
LFMP,"LFMP,"
EGPK,"EGPK,"
LFBI,"LFBI,"
EYPA,"EYPA,"
LIMP,"LIMP,"
LEPA,"LEPA,"
LICJ,"LICJ,"
EPPO,"EPPO,"
KPQI,"KPQI,"
LKPR,"LKPR,"
LIRP,"LIRP,"
LIBP,"LIBP,"
KPWM,"KPWM,"
EGHL,"EGHL,"
GMMX,"GMMX,"
GMME,"GMME,"
KRHI,"KRHI,"
EVRA,"EVRA,"
LEMI,"LEMI,"
EPRZ,"EPRZ,"
KSBN,"KSBN,"
LRSB,"LRSB,"
LEST,"LEST,"
LRSV,"LRSV,"
LEXJ,"LEXJ,"
LGTS,"LGTS,"
EINN,"EINN,"
LBSF,"LBSF,"
EGSS,"EGSS,"
LICA,"LICA,"
LEZL,"LEZL,"
LOWS,"LOWS,"
EPSY,"EPSY,"
EPSC,"EPSC,"
LPLA,"LPLA,"
GCXO,"GCXO,"
GCTS,"GCTS,"
LYPG,"LYPG,"
EETN,"EETN,"
LFBO,"LFBO,"
LLBG,"LLBG,"
EFTP,"EFTP,"
GMTT,"GMTT,"
LICT,"LICT,"
ENTO,"ENTO,"
LIMF,"LIMF,"
LIPQ,"LIPQ,"
LIPH,"LIPH,"
LRTR,"LRTR,"
GMTN,"GMTN,"
LFOT,"LFOT,"
KTVF,"KTVF,"
LIPZ,"LIPZ,"
LEVX,"LEVX,"
LOWW,"LOWW,"
LEVT,"LEVT,"
LEVC,"LEVC,"
LEVD,"LEVD,"
EYVI,"EYVI,"
LIPX,"LIPX,"
ESOW,"ESOW,"
EPMO,"EPMO,"
EPWR,"EPWR,"
KWVL,"KWVL,"
LFOK,"LFOK,"
LEJR,"LEJR,"
KXWA,"KXWA,"
LDZA,"LDZA,"
LEZG,"LEZG,"
